{
  "animation_speed": 230,
  "curve_points": [
    [
      0.2578125,
      0.7109375
    ]
  ]
}